{"Accuracy": 0.84, "Precision": 0.57847533632287, "Recall": 0.6615384615384615, "F1_score": 0.6172248803827751}